start time, request type, latency, response code
2023-02-04 16:32:28, POST, 187, 200, 
2023-02-04 16:32:28, POST, 190, 200, 
2023-02-04 16:32:28, POST, 186, 200, 
2023-02-04 16:32:28, POST, 184, 200, 
2023-02-04 16:32:28, POST, 185, 200, 
2023-02-04 16:32:28, POST, 187, 200, 
2023-02-04 16:32:28, POST, 186, 200, 
2023-02-04 16:32:28, POST, 187, 200, 
2023-02-04 16:32:28, POST, 184, 200, 
2023-02-04 16:32:28, POST, 186, 200, 
2023-02-04 16:32:28, POST, 124, 200, 
2023-02-04 16:32:28, POST, 124, 200, 
2023-02-04 16:32:28, POST, 124, 200, 
2023-02-04 16:32:28, POST, 124, 200, 
2023-02-04 16:32:28, POST, 124, 200, 
2023-02-04 16:32:28, POST, 244, 200, 
2023-02-04 16:32:28, POST, 243, 200, 
2023-02-04 16:32:28, POST, 244, 200, 
2023-02-04 16:32:28, POST, 120, 200, 
2023-02-04 16:32:28, POST, 244, 200, 
2023-02-04 16:32:28, POST, 120, 200, 
2023-02-04 16:32:28, POST, 120, 200, 
2023-02-04 16:32:28, POST, 121, 200, 
2023-02-04 16:32:28, POST, 121, 200, 
2023-02-04 16:32:28, POST, 244, 200, 
2023-02-04 16:32:28, POST, 33, 200, 
2023-02-04 16:32:28, POST, 33, 200, 
2023-02-04 16:32:28, POST, 33, 200, 
2023-02-04 16:32:28, POST, 32, 200, 
2023-02-04 16:32:28, POST, 33, 200, 
2023-02-04 16:32:28, POST, 29, 200, 
2023-02-04 16:32:28, POST, 61, 200, 
2023-02-04 16:32:28, POST, 29, 200, 
2023-02-04 16:32:28, POST, 30, 200, 
2023-02-04 16:32:28, POST, 62, 200, 
2023-02-04 16:32:28, POST, 61, 200, 
2023-02-04 16:32:28, POST, 30, 200, 
2023-02-04 16:32:28, POST, 61, 200, 
2023-02-04 16:32:28, POST, 61, 200, 
2023-02-04 16:32:28, POST, 29, 200, 
2023-02-04 16:32:28, POST, 32, 200, 
2023-02-04 16:32:28, POST, 32, 200, 
2023-02-04 16:32:28, POST, 32, 200, 
2023-02-04 16:32:28, POST, 32, 200, 
2023-02-04 16:32:28, POST, 32, 200, 
2023-02-04 16:32:28, POST, 99, 200, 
2023-02-04 16:32:28, POST, 98, 200, 
2023-02-04 16:32:28, POST, 68, 200, 
2023-02-04 16:32:28, POST, 67, 200, 
2023-02-04 16:32:28, POST, 98, 200, 
2023-02-04 16:32:28, POST, 98, 200, 
2023-02-04 16:32:28, POST, 98, 200, 
2023-02-04 16:32:28, POST, 68, 200, 
2023-02-04 16:32:28, POST, 67, 200, 
2023-02-04 16:32:28, POST, 67, 200, 
2023-02-04 16:32:28, POST, 31, 200, 
2023-02-04 16:32:28, POST, 30, 200, 
2023-02-04 16:32:28, POST, 30, 200, 
2023-02-04 16:32:28, POST, 30, 200, 
2023-02-04 16:32:28, POST, 30, 200, 
2023-02-04 16:32:28, POST, 60, 200, 
2023-02-04 16:32:28, POST, 29, 200, 
2023-02-04 16:32:28, POST, 59, 200, 
2023-02-04 16:32:28, POST, 29, 200, 
2023-02-04 16:32:28, POST, 59, 200, 
2023-02-04 16:32:28, POST, 59, 200, 
2023-02-04 16:32:28, POST, 30, 200, 
2023-02-04 16:32:28, POST, 30, 200, 
2023-02-04 16:32:28, POST, 30, 200, 
2023-02-04 16:32:28, POST, 59, 200, 
2023-02-04 16:32:28, POST, 31, 200, 
2023-02-04 16:32:28, POST, 31, 200, 
2023-02-04 16:32:28, POST, 32, 200, 
2023-02-04 16:32:28, POST, 31, 200, 
2023-02-04 16:32:28, POST, 31, 200, 
2023-02-04 16:32:28, POST, 32, 200, 
2023-02-04 16:32:28, POST, 32, 200, 
2023-02-04 16:32:28, POST, 82, 200, 
2023-02-04 16:32:28, POST, 83, 200, 
2023-02-04 16:32:28, POST, 53, 200, 
2023-02-04 16:32:28, POST, 83, 200, 
2023-02-04 16:32:28, POST, 52, 200, 
2023-02-04 16:32:28, POST, 53, 200, 
2023-02-04 16:32:28, POST, 52, 200, 
2023-02-04 16:32:28, POST, 54, 200, 
2023-02-04 16:32:28, POST, 77, 200, 
2023-02-04 16:32:28, POST, 26, 200, 
2023-02-04 16:32:28, POST, 25, 200, 
2023-02-04 16:32:28, POST, 77, 200, 
2023-02-04 16:32:28, POST, 26, 200, 
2023-02-04 16:32:28, POST, 25, 200, 
2023-02-04 16:32:28, POST, 26, 200, 
2023-02-04 16:32:28, POST, 26, 200, 
2023-02-04 16:32:29, POST, 180, 200, 
2023-02-04 16:32:28, POST, 205, 200, 
2023-02-04 16:32:28, POST, 205, 200, 
2023-02-04 16:32:29, POST, 189, 200, 
2023-02-04 16:32:29, POST, 189, 200, 
2023-02-04 16:32:29, POST, 189, 200, 
2023-02-04 16:32:29, POST, 189, 200, 
2023-02-04 16:32:29, POST, 190, 200, 
2023-02-04 16:32:29, POST, 190, 200, 
2023-02-04 16:32:29, POST, 190, 200, 
2023-02-04 16:32:29, POST, 45, 200, 
2023-02-04 16:32:29, POST, 45, 200, 
2023-02-04 16:32:29, POST, 44, 200, 
2023-02-04 16:32:29, POST, 52, 200, 
2023-02-04 16:32:29, POST, 60, 200, 
2023-02-04 16:32:29, POST, 60, 200, 
2023-02-04 16:32:29, POST, 59, 200, 
2023-02-04 16:32:29, POST, 60, 200, 
2023-02-04 16:32:29, POST, 26, 200, 
2023-02-04 16:32:29, POST, 26, 200, 
2023-02-04 16:32:29, POST, 25, 200, 
2023-02-04 16:32:29, POST, 59, 200, 
2023-02-04 16:32:29, POST, 59, 200, 
2023-02-04 16:32:29, POST, 38, 200, 
2023-02-04 16:32:29, POST, 37, 200, 
2023-02-04 16:32:29, POST, 37, 200, 
2023-02-04 16:32:29, POST, 38, 200, 
2023-02-04 16:32:29, POST, 37, 200, 
2023-02-04 16:32:29, POST, 38, 200, 
2023-02-04 16:32:29, POST, 38, 200, 
2023-02-04 16:32:29, POST, 46, 200, 
2023-02-04 16:32:29, POST, 37, 200, 
2023-02-04 16:32:29, POST, 103, 200, 
2023-02-04 16:32:29, POST, 66, 200, 
2023-02-04 16:32:29, POST, 66, 200, 
2023-02-04 16:32:29, POST, 67, 200, 
2023-02-04 16:32:29, POST, 66, 200, 
2023-02-04 16:32:29, POST, 67, 200, 
2023-02-04 16:32:29, POST, 89, 200, 
2023-02-04 16:32:29, POST, 91, 200, 
2023-02-04 16:32:29, POST, 25, 200, 
2023-02-04 16:32:29, POST, 90, 200, 
2023-02-04 16:32:29, POST, 26, 200, 
2023-02-04 16:32:29, POST, 25, 200, 
2023-02-04 16:32:29, POST, 91, 200, 
2023-02-04 16:32:29, POST, 25, 200, 
2023-02-04 16:32:29, POST, 25, 200, 
2023-02-04 16:32:29, POST, 57, 200, 
2023-02-04 16:32:29, POST, 32, 200, 
2023-02-04 16:32:29, POST, 32, 200, 
2023-02-04 16:32:29, POST, 33, 200, 
2023-02-04 16:32:29, POST, 32, 200, 
2023-02-04 16:32:29, POST, 32, 200, 
2023-02-04 16:32:29, POST, 32, 200, 
2023-02-04 16:32:29, POST, 32, 200, 
2023-02-04 16:32:29, POST, 32, 200, 
2023-02-04 16:32:29, POST, 28, 200, 
2023-02-04 16:32:29, POST, 28, 200, 
2023-02-04 16:32:29, POST, 28, 200, 
2023-02-04 16:32:29, POST, 59, 200, 
2023-02-04 16:32:29, POST, 28, 200, 
2023-02-04 16:32:29, POST, 28, 200, 
2023-02-04 16:32:29, POST, 145, 200, 
2023-02-04 16:32:29, POST, 145, 200, 
2023-02-04 16:32:29, POST, 145, 200, 
2023-02-04 16:32:29, POST, 118, 200, 
2023-02-04 16:32:29, POST, 147, 200, 
2023-02-04 16:32:29, POST, 125, 200, 
2023-02-04 16:32:29, POST, 125, 200, 
2023-02-04 16:32:29, POST, 125, 200, 
2023-02-04 16:32:29, POST, 125, 200, 
2023-02-04 16:32:29, POST, 150, 200, 
2023-02-04 16:32:29, POST, 32, 200, 
2023-02-04 16:32:29, POST, 33, 200, 
2023-02-04 16:32:29, POST, 33, 200, 
2023-02-04 16:32:29, POST, 32, 200, 
2023-02-04 16:32:29, POST, 33, 200, 
2023-02-04 16:32:29, POST, 25, 200, 
2023-02-04 16:32:29, POST, 25, 200, 
2023-02-04 16:32:29, POST, 25, 200, 
2023-02-04 16:32:29, POST, 25, 200, 
2023-02-04 16:32:29, POST, 102, 200, 
2023-02-04 16:32:29, POST, 102, 200, 
2023-02-04 16:32:29, POST, 102, 200, 
2023-02-04 16:32:29, POST, 122, 200, 
2023-02-04 16:32:29, POST, 122, 200, 
2023-02-04 16:32:29, POST, 129, 200, 
2023-02-04 16:32:29, POST, 28, 200, 
2023-02-04 16:32:29, POST, 130, 200, 
2023-02-04 16:32:29, POST, 130, 200, 
2023-02-04 16:32:29, POST, 130, 200, 
2023-02-04 16:32:29, POST, 129, 200, 
2023-02-04 16:32:29, POST, 28, 200, 
2023-02-04 16:32:29, POST, 28, 200, 
2023-02-04 16:32:29, POST, 29, 200, 
2023-02-04 16:32:29, POST, 29, 200, 
2023-02-04 16:32:29, POST, 29, 200, 
2023-02-04 16:32:29, POST, 29, 200, 
2023-02-04 16:32:29, POST, 29, 200, 
2023-02-04 16:32:29, POST, 29, 200, 
2023-02-04 16:32:29, POST, 31, 200, 
2023-02-04 16:32:29, POST, 29, 200, 
2023-02-04 16:32:29, POST, 29, 200, 
2023-02-04 16:32:29, POST, 32, 200, 
2023-02-04 16:32:29, POST, 61, 200, 
2023-02-04 16:32:29, POST, 33, 200, 
2023-02-04 16:32:29, POST, 61, 200, 
2023-02-04 16:32:29, POST, 32, 200, 
2023-02-04 16:32:29, POST, 30, 200, 
2023-02-04 16:32:29, POST, 33, 200, 
2023-02-04 16:32:29, POST, 61, 200, 
2023-02-04 16:32:29, POST, 30, 200, 
2023-02-04 16:32:29, POST, 30, 200, 
2023-02-04 16:32:29, POST, 50, 200, 
2023-02-04 16:32:29, POST, 50, 200, 
2023-02-04 16:32:29, POST, 50, 200, 
2023-02-04 16:32:29, POST, 51, 200, 
2023-02-04 16:32:29, POST, 51, 200, 
2023-02-04 16:32:29, POST, 77, 200, 
2023-02-04 16:32:29, POST, 26, 200, 
2023-02-04 16:32:29, POST, 59, 200, 
2023-02-04 16:32:29, POST, 59, 200, 
2023-02-04 16:32:29, POST, 26, 200, 
2023-02-04 16:32:29, POST, 27, 200, 
2023-02-04 16:32:29, POST, 27, 200, 
2023-02-04 16:32:29, POST, 77, 200, 
2023-02-04 16:32:29, POST, 77, 200, 
2023-02-04 16:32:29, POST, 26, 200, 
2023-02-04 16:32:29, POST, 31, 200, 
2023-02-04 16:32:29, POST, 31, 200, 
2023-02-04 16:32:29, POST, 31, 200, 
2023-02-04 16:32:29, POST, 30, 200, 
2023-02-04 16:32:29, POST, 30, 200, 
2023-02-04 16:32:29, POST, 31, 200, 
2023-02-04 16:32:29, POST, 30, 200, 
2023-02-04 16:32:29, POST, 31, 200, 
2023-02-04 16:32:29, POST, 59, 200, 
2023-02-04 16:32:29, POST, 29, 200, 
2023-02-04 16:32:29, POST, 29, 200, 
2023-02-04 16:32:29, POST, 59, 200, 
2023-02-04 16:32:29, POST, 29, 200, 
2023-02-04 16:32:29, POST, 28, 200, 
2023-02-04 16:32:29, POST, 29, 200, 
2023-02-04 16:32:29, POST, 63, 200, 
2023-02-04 16:32:29, POST, 63, 200, 
2023-02-04 16:32:29, POST, 64, 200, 
2023-02-04 16:32:29, POST, 36, 200, 
2023-02-04 16:32:29, POST, 36, 200, 
2023-02-04 16:32:29, POST, 36, 200, 
2023-02-04 16:32:29, POST, 36, 200, 
2023-02-04 16:32:29, POST, 36, 200, 
2023-02-04 16:32:29, POST, 23, 200, 
2023-02-04 16:32:29, POST, 23, 200, 
2023-02-04 16:32:29, POST, 23, 200, 
2023-02-04 16:32:29, POST, 59, 200, 
2023-02-04 16:32:29, POST, 59, 200, 
2023-02-04 16:32:29, POST, 33, 200, 
2023-02-04 16:32:29, POST, 33, 200, 
2023-02-04 16:32:29, POST, 34, 200, 
2023-02-04 16:32:29, POST, 34, 200, 
2023-02-04 16:32:29, POST, 33, 200, 
2023-02-04 16:32:29, POST, 30, 200, 
2023-02-04 16:32:29, POST, 30, 200, 
2023-02-04 16:32:29, POST, 30, 200, 
2023-02-04 16:32:29, POST, 30, 200, 
2023-02-04 16:32:29, POST, 31, 200, 
2023-02-04 16:32:29, POST, 48, 200, 
2023-02-04 16:32:29, POST, 48, 200, 
2023-02-04 16:32:29, POST, 48, 200, 
2023-02-04 16:32:29, POST, 48, 200, 
2023-02-04 16:32:29, POST, 48, 200, 
2023-02-04 16:32:30, POST, 199, 200, 
2023-02-04 16:32:30, POST, 202, 200, 
2023-02-04 16:32:30, POST, 174, 200, 
2023-02-04 16:32:30, POST, 202, 200, 
2023-02-04 16:32:30, POST, 174, 200, 
2023-02-04 16:32:30, POST, 174, 200, 
2023-02-04 16:32:30, POST, 202, 200, 
2023-02-04 16:32:30, POST, 202, 200, 
2023-02-04 16:32:30, POST, 174, 200, 
2023-02-04 16:32:30, POST, 174, 200, 
2023-02-04 16:32:30, POST, 51, 200, 
2023-02-04 16:32:30, POST, 49, 200, 
2023-02-04 16:32:30, POST, 49, 200, 
2023-02-04 16:32:30, POST, 49, 200, 
2023-02-04 16:32:30, POST, 49, 200, 
2023-02-04 16:32:30, POST, 49, 200, 
2023-02-04 16:32:30, POST, 78, 200, 
2023-02-04 16:32:30, POST, 78, 200, 
2023-02-04 16:32:30, POST, 78, 200, 
2023-02-04 16:32:30, POST, 28, 200, 
2023-02-04 16:32:30, POST, 78, 200, 
2023-02-04 16:32:30, POST, 29, 200, 
2023-02-04 16:32:30, POST, 29, 200, 
2023-02-04 16:32:30, POST, 29, 200, 
2023-02-04 16:32:30, POST, 29, 200, 
2023-02-04 16:32:30, POST, 29, 200, 
2023-02-04 16:32:30, POST, 56, 200, 
2023-02-04 16:32:30, POST, 55, 200, 
2023-02-04 16:32:30, POST, 56, 200, 
2023-02-04 16:32:30, POST, 56, 200, 
2023-02-04 16:32:30, POST, 56, 200, 
2023-02-04 16:32:30, POST, 55, 200, 
2023-02-04 16:32:30, POST, 56, 200, 
2023-02-04 16:32:30, POST, 55, 200, 
2023-02-04 16:32:30, POST, 59, 200, 
2023-02-04 16:32:30, POST, 92, 200, 
2023-02-04 16:32:30, POST, 37, 200, 
2023-02-04 16:32:30, POST, 37, 200, 
2023-02-04 16:32:30, POST, 37, 200, 
2023-02-04 16:32:30, POST, 37, 200, 
2023-02-04 16:32:30, POST, 39, 200, 
2023-02-04 16:32:30, POST, 35, 200, 
2023-02-04 16:32:30, POST, 69, 200, 
2023-02-04 16:32:30, POST, 33, 200, 
2023-02-04 16:32:30, POST, 33, 200, 
2023-02-04 16:32:30, POST, 33, 200, 
2023-02-04 16:32:30, POST, 69, 200, 
2023-02-04 16:32:30, POST, 70, 200, 
2023-02-04 16:32:30, POST, 42, 200, 
2023-02-04 16:32:30, POST, 42, 200, 
2023-02-04 16:32:30, POST, 44, 200, 
2023-02-04 16:32:30, POST, 44, 200, 
2023-02-04 16:32:30, POST, 52, 200, 
2023-02-04 16:32:30, POST, 52, 200, 
2023-02-04 16:32:30, POST, 51, 200, 
2023-02-04 16:32:30, POST, 51, 200, 
2023-02-04 16:32:30, POST, 51, 200, 
2023-02-04 16:32:30, POST, 42, 200, 
2023-02-04 16:32:30, POST, 51, 200, 
2023-02-04 16:32:30, POST, 42, 200, 
2023-02-04 16:32:30, POST, 43, 200, 
2023-02-04 16:32:30, POST, 43, 200, 
2023-02-04 16:32:30, POST, 32, 200, 
2023-02-04 16:32:30, POST, 31, 200, 
2023-02-04 16:32:30, POST, 32, 200, 
2023-02-04 16:32:30, POST, 32, 200, 
2023-02-04 16:32:30, POST, 33, 200, 
2023-02-04 16:32:30, POST, 32, 200, 
2023-02-04 16:32:30, POST, 33, 200, 
2023-02-04 16:32:30, POST, 31, 200, 
2023-02-04 16:32:30, POST, 141, 200, 
2023-02-04 16:32:30, POST, 109, 200, 
2023-02-04 16:32:30, POST, 110, 200, 
2023-02-04 16:32:30, POST, 141, 200, 
2023-02-04 16:32:30, POST, 110, 200, 
2023-02-04 16:32:30, POST, 110, 200, 
2023-02-04 16:32:30, POST, 110, 200, 
2023-02-04 16:32:30, POST, 236, 200, 
2023-02-04 16:32:30, POST, 126, 200, 
2023-02-04 16:32:30, POST, 236, 200, 
2023-02-04 16:32:30, POST, 126, 200, 
2023-02-04 16:32:30, POST, 236, 200, 
2023-02-04 16:32:30, POST, 126, 200, 
2023-02-04 16:32:30, POST, 130, 200, 
2023-02-04 16:32:30, POST, 128, 200, 
2023-02-04 16:32:30, POST, 33, 200, 
2023-02-04 16:32:30, POST, 32, 200, 
2023-02-04 16:32:30, POST, 157, 200, 
2023-02-04 16:32:30, POST, 29, 200, 
2023-02-04 16:32:30, POST, 33, 200, 
2023-02-04 16:32:30, POST, 33, 200, 
2023-02-04 16:32:30, POST, 33, 200, 
2023-02-04 16:32:30, POST, 29, 200, 
2023-02-04 16:32:30, POST, 157, 200, 
2023-02-04 16:32:30, POST, 64, 200, 
2023-02-04 16:32:30, POST, 32, 200, 
2023-02-04 16:32:30, POST, 32, 200, 
2023-02-04 16:32:30, POST, 32, 200, 
2023-02-04 16:32:30, POST, 31, 200, 
2023-02-04 16:32:30, POST, 32, 200, 
2023-02-04 16:32:30, POST, 87, 200, 
2023-02-04 16:32:30, POST, 87, 200, 
2023-02-04 16:32:30, POST, 56, 200, 
2023-02-04 16:32:30, POST, 87, 200, 
2023-02-04 16:32:30, POST, 87, 200, 
2023-02-04 16:32:30, POST, 56, 200, 
2023-02-04 16:32:30, POST, 57, 200, 
2023-02-04 16:32:30, POST, 56, 200, 
2023-02-04 16:32:30, POST, 56, 200, 
2023-02-04 16:32:30, POST, 58, 200, 
2023-02-04 16:32:30, POST, 68, 200, 
2023-02-04 16:32:30, POST, 67, 200, 
2023-02-04 16:32:30, POST, 65, 200, 
2023-02-04 16:32:30, POST, 67, 200, 
2023-02-04 16:32:30, POST, 67, 200, 
2023-02-04 16:32:30, POST, 68, 200, 
2023-02-04 16:32:30, POST, 68, 200, 
2023-02-04 16:32:30, POST, 68, 200, 
2023-02-04 16:32:30, POST, 68, 200, 
2023-02-04 16:32:30, POST, 95, 200, 
2023-02-04 16:32:30, POST, 27, 200, 
2023-02-04 16:32:30, POST, 27, 200, 
2023-02-04 16:32:30, POST, 27, 200, 
2023-02-04 16:32:30, POST, 26, 200, 
2023-02-04 16:32:30, POST, 26, 200, 
2023-02-04 16:32:30, POST, 56, 200, 
2023-02-04 16:32:30, POST, 31, 200, 
2023-02-04 16:32:30, POST, 57, 200, 
2023-02-04 16:32:30, POST, 57, 200, 
2023-02-04 16:32:30, POST, 57, 200, 
2023-02-04 16:32:30, POST, 31, 200, 
2023-02-04 16:32:30, POST, 32, 200, 
2023-02-04 16:32:30, POST, 39, 200, 
2023-02-04 16:32:30, POST, 39, 200, 
2023-02-04 16:32:30, POST, 40, 200, 
2023-02-04 16:32:30, POST, 28, 200, 
2023-02-04 16:32:30, POST, 28, 200, 
2023-02-04 16:32:30, POST, 28, 200, 
2023-02-04 16:32:30, POST, 28, 200, 
2023-02-04 16:32:30, POST, 31, 200, 
2023-02-04 16:32:30, POST, 30, 200, 
2023-02-04 16:32:30, POST, 31, 200, 
2023-02-04 16:32:30, POST, 26, 200, 
2023-02-04 16:32:30, POST, 25, 200, 
2023-02-04 16:32:30, POST, 25, 200, 
2023-02-04 16:32:31, POST, 30, 200, 
2023-02-04 16:32:31, POST, 30, 200, 
2023-02-04 16:32:31, POST, 30, 200, 
2023-02-04 16:32:31, POST, 28, 200, 
2023-02-04 16:32:31, POST, 31, 200, 
2023-02-04 16:32:31, POST, 28, 200, 
2023-02-04 16:32:31, POST, 28, 200, 
2023-02-04 16:32:31, POST, 25, 200, 
2023-02-04 16:32:31, POST, 25, 200, 
2023-02-04 16:32:31, POST, 26, 200, 
2023-02-04 16:32:31, POST, 47, 200, 
2023-02-04 16:32:31, POST, 46, 200, 
2023-02-04 16:32:31, POST, 47, 200, 
2023-02-04 16:32:31, POST, 47, 200, 
2023-02-04 16:32:31, POST, 47, 200, 
2023-02-04 16:32:31, POST, 46, 200, 
2023-02-04 16:32:31, POST, 46, 200, 
2023-02-04 16:32:31, POST, 46, 200, 
2023-02-04 16:32:31, POST, 47, 200, 
2023-02-04 16:32:31, POST, 47, 200, 
2023-02-04 16:32:31, POST, 171, 200, 
2023-02-04 16:32:31, POST, 169, 200, 
2023-02-04 16:32:31, POST, 169, 200, 
2023-02-04 16:32:31, POST, 171, 200, 
2023-02-04 16:32:31, POST, 171, 200, 
2023-02-04 16:32:31, POST, 171, 200, 
2023-02-04 16:32:31, POST, 172, 200, 
2023-02-04 16:32:31, POST, 200, 200, 
2023-02-04 16:32:31, POST, 28, 200, 
2023-02-04 16:32:31, POST, 28, 200, 
2023-02-04 16:32:31, POST, 200, 200, 
2023-02-04 16:32:31, POST, 200, 200, 
2023-02-04 16:32:31, POST, 28, 200, 
2023-02-04 16:32:31, POST, 28, 200, 
2023-02-04 16:32:31, POST, 28, 200, 
2023-02-04 16:32:31, POST, 57, 200, 
2023-02-04 16:32:31, POST, 57, 200, 
2023-02-04 16:32:31, POST, 29, 200, 
2023-02-04 16:32:31, POST, 29, 200, 
2023-02-04 16:32:31, POST, 29, 200, 
2023-02-04 16:32:31, POST, 29, 200, 
2023-02-04 16:32:31, POST, 29, 200, 
2023-02-04 16:32:31, POST, 38, 200, 
2023-02-04 16:32:31, POST, 39, 200, 
2023-02-04 16:32:31, POST, 38, 200, 
2023-02-04 16:32:31, POST, 39, 200, 
2023-02-04 16:32:31, POST, 38, 200, 
2023-02-04 16:32:31, POST, 38, 200, 
2023-02-04 16:32:31, POST, 38, 200, 
2023-02-04 16:32:31, POST, 67, 200, 
2023-02-04 16:32:31, POST, 67, 200, 
2023-02-04 16:32:31, POST, 67, 200, 
2023-02-04 16:32:31, POST, 32, 200, 
2023-02-04 16:32:31, POST, 32, 200, 
2023-02-04 16:32:31, POST, 32, 200, 
2023-02-04 16:32:31, POST, 32, 200, 
2023-02-04 16:32:31, POST, 32, 200, 
2023-02-04 16:32:31, POST, 32, 200, 
2023-02-04 16:32:31, POST, 32, 200, 
2023-02-04 16:32:31, POST, 61, 200, 
2023-02-04 16:32:31, POST, 28, 200, 
2023-02-04 16:32:31, POST, 28, 200, 
2023-02-04 16:32:31, POST, 61, 200, 
2023-02-04 16:32:31, POST, 61, 200, 
2023-02-04 16:32:31, POST, 29, 200, 
2023-02-04 16:32:31, POST, 29, 200, 
2023-02-04 16:32:31, POST, 29, 200, 
2023-02-04 16:32:31, POST, 60, 200, 
2023-02-04 16:32:31, POST, 31, 200, 
2023-02-04 16:32:31, POST, 31, 200, 
2023-02-04 16:32:31, POST, 31, 200, 
2023-02-04 16:32:31, POST, 31, 200, 
2023-02-04 16:32:31, POST, 31, 200, 
2023-02-04 16:32:31, POST, 60, 200, 
2023-02-04 16:32:31, POST, 58, 200, 
2023-02-04 16:32:31, POST, 58, 200, 
2023-02-04 16:32:31, POST, 58, 200, 
2023-02-04 16:32:31, POST, 28, 200, 
2023-02-04 16:32:31, POST, 29, 200, 
2023-02-04 16:32:31, POST, 29, 200, 
2023-02-04 16:32:31, POST, 29, 200, 
2023-02-04 16:32:31, POST, 29, 200, 
2023-02-04 16:32:31, POST, 59, 200, 
2023-02-04 16:32:31, POST, 59, 200, 
2023-02-04 16:32:31, POST, 32, 200, 
2023-02-04 16:32:31, POST, 31, 200, 
2023-02-04 16:32:31, POST, 32, 200, 
2023-02-04 16:32:31, POST, 31, 200, 
2023-02-04 16:32:31, POST, 31, 200, 
2023-02-04 16:32:31, POST, 31, 200, 
2023-02-04 16:32:31, POST, 32, 200, 
2023-02-04 16:32:31, POST, 30, 200, 
2023-02-04 16:32:31, POST, 30, 200, 
2023-02-04 16:32:31, POST, 30, 200, 
2023-02-04 16:32:31, POST, 29, 200, 
2023-02-04 16:32:31, POST, 29, 200, 
2023-02-04 16:32:31, POST, 30, 200, 
2023-02-04 16:32:31, POST, 29, 200, 
2023-02-04 16:32:31, POST, 30, 200, 
2023-02-04 16:32:31, POST, 142, 200, 
2023-02-04 16:32:31, POST, 142, 200, 
2023-02-04 16:32:31, POST, 142, 200, 
2023-02-04 16:32:31, POST, 113, 200, 
2023-02-04 16:32:31, POST, 115, 200, 
2023-02-04 16:32:31, POST, 115, 200, 
2023-02-04 16:32:31, POST, 115, 200, 
2023-02-04 16:32:31, POST, 115, 200, 
2023-02-04 16:32:31, POST, 241, 200, 
2023-02-04 16:32:31, POST, 128, 200, 
2023-02-04 16:32:31, POST, 128, 200, 
2023-02-04 16:32:31, POST, 241, 200, 
2023-02-04 16:32:31, POST, 130, 200, 
2023-02-04 16:32:31, POST, 127, 200, 
2023-02-04 16:32:31, POST, 129, 200, 
2023-02-04 16:32:31, POST, 127, 200, 
2023-02-04 16:32:31, POST, 127, 200, 
2023-02-04 16:32:31, POST, 127, 200, 
2023-02-04 16:32:31, POST, 51, 200, 
2023-02-04 16:32:31, POST, 51, 200, 
2023-02-04 16:32:31, POST, 51, 200, 
2023-02-04 16:32:31, POST, 51, 200, 
2023-02-04 16:32:31, POST, 65, 200, 
2023-02-04 16:32:31, POST, 66, 200, 
2023-02-04 16:32:31, POST, 66, 200, 
2023-02-04 16:32:31, POST, 66, 200, 
2023-02-04 16:32:31, POST, 66, 200, 
2023-02-04 16:32:31, POST, 65, 200, 
2023-02-04 16:32:31, POST, 33, 200, 
2023-02-04 16:32:31, POST, 33, 200, 
2023-02-04 16:32:31, POST, 33, 200, 
2023-02-04 16:32:31, POST, 33, 200, 
2023-02-04 16:32:31, POST, 32, 200, 
2023-02-04 16:32:31, POST, 32, 200, 
2023-02-04 16:32:31, POST, 32, 200, 
2023-02-04 16:32:31, POST, 32, 200, 
2023-02-04 16:32:31, POST, 32, 200, 
2023-02-04 16:32:31, POST, 26, 200, 
2023-02-04 16:32:31, POST, 26, 200, 
2023-02-04 16:32:31, POST, 26, 200, 
2023-02-04 16:32:31, POST, 26, 200, 
2023-02-04 16:32:31, POST, 44, 200, 
2023-02-04 16:32:31, POST, 29, 200, 
2023-02-04 16:32:31, POST, 29, 200, 
2023-02-04 16:32:31, POST, 29, 200, 
2023-02-04 16:32:31, POST, 29, 200, 
2023-02-04 16:32:31, POST, 29, 200, 
2023-02-04 16:32:31, POST, 27, 200, 
2023-02-04 16:32:31, POST, 28, 200, 
2023-02-04 16:32:31, POST, 27, 200, 
2023-02-04 16:32:31, POST, 27, 200, 
2023-02-04 16:32:31, POST, 28, 200, 
2023-02-04 16:32:31, POST, 30, 200, 
2023-02-04 16:32:31, POST, 29, 200, 
2023-02-04 16:32:31, POST, 30, 200, 
2023-02-04 16:32:31, POST, 29, 200, 
2023-02-04 16:32:31, POST, 30, 200, 
2023-02-04 16:32:31, POST, 31, 200, 
2023-02-04 16:32:31, POST, 30, 200, 
2023-02-04 16:32:31, POST, 31, 200, 
2023-02-04 16:32:31, POST, 31, 200, 
2023-02-04 16:32:31, POST, 30, 200, 
2023-02-04 16:32:31, POST, 31, 200, 
2023-02-04 16:32:31, POST, 31, 200, 
2023-02-04 16:32:31, POST, 30, 200, 
2023-02-04 16:32:31, POST, 31, 200, 
2023-02-04 16:32:31, POST, 30, 200, 
2023-02-04 16:32:31, POST, 29, 200, 
2023-02-04 16:32:31, POST, 29, 200, 
2023-02-04 16:32:31, POST, 29, 200, 
2023-02-04 16:32:31, POST, 29, 200, 
2023-02-04 16:32:31, POST, 29, 200, 
2023-02-04 16:32:31, POST, 31, 200, 
2023-02-04 16:32:31, POST, 31, 200, 
2023-02-04 16:32:31, POST, 31, 200, 
2023-02-04 16:32:31, POST, 31, 200, 
2023-02-04 16:32:31, POST, 31, 200, 
2023-02-04 16:32:31, POST, 23, 200, 
2023-02-04 16:32:31, POST, 29, 200, 
2023-02-04 16:32:31, POST, 31, 200, 
2023-02-04 16:32:31, POST, 31, 200, 
2023-02-04 16:32:31, POST, 30, 200, 
2023-02-04 16:32:32, POST, 28, 200, 
2023-02-04 16:32:32, POST, 28, 200, 
2023-02-04 16:32:32, POST, 27, 200, 
2023-02-04 16:32:32, POST, 28, 200, 
2023-02-04 16:32:32, POST, 29, 200, 
2023-02-04 16:32:32, POST, 29, 200, 
2023-02-04 16:32:32, POST, 29, 200, 
2023-02-04 16:32:32, POST, 29, 200, 
2023-02-04 16:32:32, POST, 29, 200, 
2023-02-04 16:32:32, POST, 29, 200, 
2023-02-04 16:32:32, POST, 29, 200, 
2023-02-04 16:32:32, POST, 30, 200, 
2023-02-04 16:32:32, POST, 29, 200, 
2023-02-04 16:32:32, POST, 30, 200, 
2023-02-04 16:32:32, POST, 30, 200, 
2023-02-04 16:32:32, POST, 30, 200, 
2023-02-04 16:32:32, POST, 31, 200, 
2023-02-04 16:32:32, POST, 30, 200, 
2023-02-04 16:32:32, POST, 31, 200, 
2023-02-04 16:32:32, POST, 91, 200, 
2023-02-04 16:32:32, POST, 62, 200, 
2023-02-04 16:32:32, POST, 61, 200, 
2023-02-04 16:32:32, POST, 61, 200, 
2023-02-04 16:32:32, POST, 61, 200, 
2023-02-04 16:32:32, POST, 61, 200, 
2023-02-04 16:32:32, POST, 52, 200, 
2023-02-04 16:32:32, POST, 52, 200, 
2023-02-04 16:32:32, POST, 52, 200, 
2023-02-04 16:32:32, POST, 52, 200, 
2023-02-04 16:32:32, POST, 210, 200, 
2023-02-04 16:32:32, POST, 209, 200, 
2023-02-04 16:32:32, POST, 209, 200, 
2023-02-04 16:32:32, POST, 210, 200, 
2023-02-04 16:32:32, POST, 210, 200, 
2023-02-04 16:32:32, POST, 210, 200, 
2023-02-04 16:32:32, POST, 210, 200, 
2023-02-04 16:32:32, POST, 210, 200, 
2023-02-04 16:32:32, POST, 209, 200, 
2023-02-04 16:32:32, POST, 209, 200, 
2023-02-04 16:32:32, POST, 35, 200, 
2023-02-04 16:32:32, POST, 36, 200, 
2023-02-04 16:32:32, POST, 35, 200, 
2023-02-04 16:32:32, POST, 36, 200, 
2023-02-04 16:32:32, POST, 36, 200, 
2023-02-04 16:32:32, POST, 68, 200, 
2023-02-04 16:32:32, POST, 33, 200, 
2023-02-04 16:32:32, POST, 33, 200, 
2023-02-04 16:32:32, POST, 68, 200, 
2023-02-04 16:32:32, POST, 33, 200, 
2023-02-04 16:32:32, POST, 68, 200, 
2023-02-04 16:32:32, POST, 68, 200, 
2023-02-04 16:32:32, POST, 68, 200, 
2023-02-04 16:32:32, POST, 34, 200, 
2023-02-04 16:32:32, POST, 33, 200, 
2023-02-04 16:32:32, POST, 30, 200, 
2023-02-04 16:32:32, POST, 29, 200, 
2023-02-04 16:32:32, POST, 30, 200, 
2023-02-04 16:32:32, POST, 30, 200, 
2023-02-04 16:32:32, POST, 31, 200, 
2023-02-04 16:32:32, POST, 61, 200, 
2023-02-04 16:32:32, POST, 61, 200, 
2023-02-04 16:32:32, POST, 61, 200, 
2023-02-04 16:32:32, POST, 31, 200, 
2023-02-04 16:32:32, POST, 61, 200, 
2023-02-04 16:32:32, POST, 62, 200, 
2023-02-04 16:32:32, POST, 32, 200, 
2023-02-04 16:32:32, POST, 32, 200, 
2023-02-04 16:32:32, POST, 32, 200, 
2023-02-04 16:32:32, POST, 32, 200, 
2023-02-04 16:32:32, POST, 82, 200, 
2023-02-04 16:32:32, POST, 81, 200, 
2023-02-04 16:32:32, POST, 82, 200, 
2023-02-04 16:32:32, POST, 82, 200, 
2023-02-04 16:32:32, POST, 82, 200, 
2023-02-04 16:32:32, POST, 82, 200, 
2023-02-04 16:32:32, POST, 82, 200, 
2023-02-04 16:32:32, POST, 82, 200, 
2023-02-04 16:32:32, POST, 82, 200, 
2023-02-04 16:32:32, POST, 82, 200, 
2023-02-04 16:32:32, POST, 29, 200, 
2023-02-04 16:32:32, POST, 29, 200, 
2023-02-04 16:32:32, POST, 29, 200, 
2023-02-04 16:32:32, POST, 29, 200, 
2023-02-04 16:32:32, POST, 29, 200, 
2023-02-04 16:32:32, POST, 37, 200, 
2023-02-04 16:32:32, POST, 38, 200, 
2023-02-04 16:32:32, POST, 38, 200, 
2023-02-04 16:32:32, POST, 38, 200, 
2023-02-04 16:32:32, POST, 38, 200, 
2023-02-04 16:32:32, POST, 28, 200, 
2023-02-04 16:32:32, POST, 27, 200, 
2023-02-04 16:32:32, POST, 28, 200, 
2023-02-04 16:32:32, POST, 28, 200, 
2023-02-04 16:32:32, POST, 28, 200, 
2023-02-04 16:32:32, POST, 118, 200, 
2023-02-04 16:32:32, POST, 98, 200, 
2023-02-04 16:32:32, POST, 98, 200, 
2023-02-04 16:32:32, POST, 117, 200, 
2023-02-04 16:32:32, POST, 117, 200, 
2023-02-04 16:32:32, POST, 117, 200, 
2023-02-04 16:32:32, POST, 99, 200, 
2023-02-04 16:32:32, POST, 98, 200, 
2023-02-04 16:32:32, POST, 117, 200, 
2023-02-04 16:32:32, POST, 98, 200, 
2023-02-04 16:32:32, POST, 30, 200, 
2023-02-04 16:32:32, POST, 30, 200, 
2023-02-04 16:32:32, POST, 30, 200, 
2023-02-04 16:32:32, POST, 30, 200, 
2023-02-04 16:32:32, POST, 31, 200, 
2023-02-04 16:32:32, POST, 30, 200, 
2023-02-04 16:32:32, POST, 325, 200, 
2023-02-04 16:32:32, POST, 325, 200, 
2023-02-04 16:32:32, POST, 295, 200, 
2023-02-04 16:32:32, POST, 325, 200, 
2023-02-04 16:32:32, POST, 325, 200, 
2023-02-04 16:32:32, POST, 295, 200, 
2023-02-04 16:32:32, POST, 295, 200, 
2023-02-04 16:32:32, POST, 295, 200, 
2023-02-04 16:32:32, POST, 295, 200, 
2023-02-04 16:32:32, POST, 295, 200, 
2023-02-04 16:32:33, POST, 24, 200, 
2023-02-04 16:32:33, POST, 24, 200, 
2023-02-04 16:32:33, POST, 23, 200, 
2023-02-04 16:32:33, POST, 24, 200, 
2023-02-04 16:32:33, POST, 23, 200, 
2023-02-04 16:32:33, POST, 23, 200, 
2023-02-04 16:32:33, POST, 54, 200, 
2023-02-04 16:32:33, POST, 54, 200, 
2023-02-04 16:32:33, POST, 31, 200, 
2023-02-04 16:32:33, POST, 54, 200, 
2023-02-04 16:32:33, POST, 31, 200, 
2023-02-04 16:32:33, POST, 54, 200, 
2023-02-04 16:32:33, POST, 31, 200, 
2023-02-04 16:32:33, POST, 31, 200, 
2023-02-04 16:32:33, POST, 31, 200, 
2023-02-04 16:32:33, POST, 32, 200, 
2023-02-04 16:32:33, POST, 30, 200, 
2023-02-04 16:32:33, POST, 30, 200, 
2023-02-04 16:32:33, POST, 30, 200, 
2023-02-04 16:32:33, POST, 30, 200, 
2023-02-04 16:32:33, POST, 30, 200, 
2023-02-04 16:32:33, POST, 30, 200, 
2023-02-04 16:32:33, POST, 30, 200, 
2023-02-04 16:32:33, POST, 31, 200, 
2023-02-04 16:32:33, POST, 30, 200, 
2023-02-04 16:32:33, POST, 85, 200, 
2023-02-04 16:32:33, POST, 55, 200, 
2023-02-04 16:32:33, POST, 55, 200, 
2023-02-04 16:32:33, POST, 55, 200, 
2023-02-04 16:32:33, POST, 55, 200, 
2023-02-04 16:32:33, POST, 55, 200, 
2023-02-04 16:32:33, POST, 55, 200, 
2023-02-04 16:32:33, POST, 55, 200, 
2023-02-04 16:32:33, POST, 54, 200, 
2023-02-04 16:32:33, POST, 54, 200, 
2023-02-04 16:32:33, POST, 382, 200, 
2023-02-04 16:32:33, POST, 382, 200, 
2023-02-04 16:32:33, POST, 382, 200, 
2023-02-04 16:32:33, POST, 382, 200, 
2023-02-04 16:32:33, POST, 382, 200, 
2023-02-04 16:32:33, POST, 414, 200, 
2023-02-04 16:32:33, POST, 414, 200, 
2023-02-04 16:32:33, POST, 414, 200, 
2023-02-04 16:32:33, POST, 32, 200, 
2023-02-04 16:32:33, POST, 414, 200, 
2023-02-04 16:32:33, POST, 414, 200, 
2023-02-04 16:32:33, POST, 32, 200, 
2023-02-04 16:32:33, POST, 32, 200, 
2023-02-04 16:32:33, POST, 37, 200, 
2023-02-04 16:32:33, POST, 37, 200, 
2023-02-04 16:32:33, POST, 34, 200, 
2023-02-04 16:32:33, POST, 34, 200, 
2023-02-04 16:32:33, POST, 34, 200, 
2023-02-04 16:32:33, POST, 34, 200, 
2023-02-04 16:32:33, POST, 34, 200, 
2023-02-04 16:32:33, POST, 34, 200, 
2023-02-04 16:32:33, POST, 34, 200, 
2023-02-04 16:32:33, POST, 35, 200, 
2023-02-04 16:32:33, POST, 30, 200, 
2023-02-04 16:32:33, POST, 56, 200, 
2023-02-04 16:32:33, POST, 29, 200, 
2023-02-04 16:32:33, POST, 28, 200, 
2023-02-04 16:32:33, POST, 28, 200, 
2023-02-04 16:32:33, POST, 28, 200, 
2023-02-04 16:32:33, POST, 28, 200, 
2023-02-04 16:32:33, POST, 28, 200, 
2023-02-04 16:32:33, POST, 28, 200, 
2023-02-04 16:32:33, POST, 28, 200, 
2023-02-04 16:32:33, POST, 28, 200, 
2023-02-04 16:32:33, POST, 236, 200, 
2023-02-04 16:32:33, POST, 236, 200, 
2023-02-04 16:32:33, POST, 236, 200, 
2023-02-04 16:32:33, POST, 237, 200, 
2023-02-04 16:32:33, POST, 237, 200, 
2023-02-04 16:32:33, POST, 267, 200, 
2023-02-04 16:32:33, POST, 267, 200, 
2023-02-04 16:32:33, POST, 267, 200, 
2023-02-04 16:32:33, POST, 267, 200, 
2023-02-04 16:32:33, POST, 30, 200, 
2023-02-04 16:32:33, POST, 267, 200, 
2023-02-04 16:32:33, POST, 30, 200, 
2023-02-04 16:32:33, POST, 30, 200, 
2023-02-04 16:32:33, POST, 30, 200, 
2023-02-04 16:32:33, POST, 30, 200, 
2023-02-04 16:32:33, POST, 52, 200, 
2023-02-04 16:32:33, POST, 52, 200, 
2023-02-04 16:32:33, POST, 52, 200, 
2023-02-04 16:32:33, POST, 52, 200, 
2023-02-04 16:32:33, POST, 52, 200, 
2023-02-04 16:32:33, POST, 52, 200, 
2023-02-04 16:32:33, POST, 52, 200, 
2023-02-04 16:32:33, POST, 52, 200, 
2023-02-04 16:32:33, POST, 52, 200, 
2023-02-04 16:32:33, POST, 30, 200, 
2023-02-04 16:32:33, POST, 30, 200, 
2023-02-04 16:32:33, POST, 30, 200, 
2023-02-04 16:32:33, POST, 30, 200, 
2023-02-04 16:32:33, POST, 81, 200, 
2023-02-04 16:32:33, POST, 30, 200, 
2023-02-04 16:32:33, POST, 30, 200, 
2023-02-04 16:32:33, POST, 30, 200, 
2023-02-04 16:32:33, POST, 30, 200, 
2023-02-04 16:32:33, POST, 30, 200, 
2023-02-04 16:32:33, POST, 30, 200, 
2023-02-04 16:32:33, POST, 30, 200, 
2023-02-04 16:32:33, POST, 30, 200, 
2023-02-04 16:32:33, POST, 30, 200, 
2023-02-04 16:32:33, POST, 30, 200, 
2023-02-04 16:32:33, POST, 30, 200, 
2023-02-04 16:32:33, POST, 30, 200, 
2023-02-04 16:32:33, POST, 78, 200, 
2023-02-04 16:32:33, POST, 79, 200, 
2023-02-04 16:32:33, POST, 79, 200, 
2023-02-04 16:32:34, POST, 49, 200, 
2023-02-04 16:32:34, POST, 49, 200, 
2023-02-04 16:32:34, POST, 49, 200, 
2023-02-04 16:32:34, POST, 49, 200, 
2023-02-04 16:32:34, POST, 49, 200, 
2023-02-04 16:32:34, POST, 49, 200, 
2023-02-04 16:32:34, POST, 30, 200, 
2023-02-04 16:32:34, POST, 30, 200, 
2023-02-04 16:32:34, POST, 30, 200, 
2023-02-04 16:32:34, POST, 31, 200, 
2023-02-04 16:32:34, POST, 79, 200, 
2023-02-04 16:32:34, POST, 31, 200, 
2023-02-04 16:32:34, POST, 31, 200, 
2023-02-04 16:32:34, POST, 31, 200, 
2023-02-04 16:32:34, POST, 31, 200, 
2023-02-04 16:32:34, POST, 31, 200, 
2023-02-04 16:32:34, POST, 30, 200, 
2023-02-04 16:32:34, POST, 30, 200, 
2023-02-04 16:32:34, POST, 30, 200, 
2023-02-04 16:32:34, POST, 31, 200, 
2023-02-04 16:32:34, POST, 31, 200, 
2023-02-04 16:32:34, POST, 31, 200, 
2023-02-04 16:32:34, POST, 31, 200, 
2023-02-04 16:32:34, POST, 31, 200, 
2023-02-04 16:32:34, POST, 58, 200, 
2023-02-04 16:32:34, POST, 29, 200, 
2023-02-04 16:32:34, POST, 29, 200, 
2023-02-04 16:32:34, POST, 59, 200, 
2023-02-04 16:32:34, POST, 29, 200, 
2023-02-04 16:32:34, POST, 30, 200, 
2023-02-04 16:32:34, POST, 30, 200, 
2023-02-04 16:32:34, POST, 30, 200, 
2023-02-04 16:32:34, POST, 30, 200, 
2023-02-04 16:32:34, POST, 30, 200, 
2023-02-04 16:32:34, POST, 56, 200, 
2023-02-04 16:32:34, POST, 56, 200, 
2023-02-04 16:32:34, POST, 56, 200, 
2023-02-04 16:32:34, POST, 57, 200, 
2023-02-04 16:32:34, POST, 57, 200, 
2023-02-04 16:32:34, POST, 55, 200, 
2023-02-04 16:32:34, POST, 55, 200, 
2023-02-04 16:32:34, POST, 55, 200, 
2023-02-04 16:32:34, POST, 55, 200, 
2023-02-04 16:32:34, POST, 55, 200, 
2023-02-04 16:32:34, POST, 25, 200, 
2023-02-04 16:32:34, POST, 25, 200, 
2023-02-04 16:32:34, POST, 24, 200, 
2023-02-04 16:32:34, POST, 25, 200, 
2023-02-04 16:32:34, POST, 24, 200, 
2023-02-04 16:32:34, POST, 24, 200, 
2023-02-04 16:32:34, POST, 24, 200, 
2023-02-04 16:32:34, POST, 25, 200, 
2023-02-04 16:32:34, POST, 25, 200, 
2023-02-04 16:32:34, POST, 25, 200, 
2023-02-04 16:32:34, POST, 180, 200, 
2023-02-04 16:32:34, POST, 180, 200, 
2023-02-04 16:32:34, POST, 180, 200, 
2023-02-04 16:32:34, POST, 180, 200, 
2023-02-04 16:32:34, POST, 180, 200, 
2023-02-04 16:32:34, POST, 180, 200, 
2023-02-04 16:32:34, POST, 180, 200, 
2023-02-04 16:32:34, POST, 180, 200, 
2023-02-04 16:32:34, POST, 180, 200, 
2023-02-04 16:32:34, POST, 180, 200, 
2023-02-04 16:32:34, POST, 30, 200, 
2023-02-04 16:32:34, POST, 29, 200, 
2023-02-04 16:32:34, POST, 30, 200, 
2023-02-04 16:32:34, POST, 30, 200, 
2023-02-04 16:32:34, POST, 29, 200, 
2023-02-04 16:32:34, POST, 30, 200, 
2023-02-04 16:32:34, POST, 29, 200, 
2023-02-04 16:32:34, POST, 31, 200, 
2023-02-04 16:32:34, POST, 32, 200, 
2023-02-04 16:32:34, POST, 32, 200, 
2023-02-04 16:32:34, POST, 47, 200, 
2023-02-04 16:32:34, POST, 48, 200, 
2023-02-04 16:32:34, POST, 48, 200, 
2023-02-04 16:32:34, POST, 48, 200, 
2023-02-04 16:32:34, POST, 48, 200, 
2023-02-04 16:32:34, POST, 48, 200, 
2023-02-04 16:32:34, POST, 48, 200, 
2023-02-04 16:32:34, POST, 45, 200, 
2023-02-04 16:32:34, POST, 45, 200, 
2023-02-04 16:32:34, POST, 45, 200, 
2023-02-04 16:32:34, POST, 43, 200, 
2023-02-04 16:32:34, POST, 43, 200, 
2023-02-04 16:32:34, POST, 43, 200, 
2023-02-04 16:32:34, POST, 43, 200, 
2023-02-04 16:32:34, POST, 42, 200, 
2023-02-04 16:32:34, POST, 43, 200, 
2023-02-04 16:32:34, POST, 43, 200, 
2023-02-04 16:32:34, POST, 43, 200, 
2023-02-04 16:32:34, POST, 43, 200, 
2023-02-04 16:32:34, POST, 44, 200, 
2023-02-04 16:32:34, POST, 29, 200, 
2023-02-04 16:32:34, POST, 29, 200, 
2023-02-04 16:32:34, POST, 29, 200, 
2023-02-04 16:32:34, POST, 29, 200, 
2023-02-04 16:32:34, POST, 29, 200, 
2023-02-04 16:32:34, POST, 28, 200, 
2023-02-04 16:32:34, POST, 29, 200, 
2023-02-04 16:32:34, POST, 60, 200, 
2023-02-04 16:32:34, POST, 60, 200, 
2023-02-04 16:32:34, POST, 61, 200, 
2023-02-04 16:32:34, POST, 32, 200, 
2023-02-04 16:32:34, POST, 32, 200, 
2023-02-04 16:32:34, POST, 32, 200, 
2023-02-04 16:32:34, POST, 32, 200, 
2023-02-04 16:32:34, POST, 31, 200, 
2023-02-04 16:32:34, POST, 59, 200, 
2023-02-04 16:32:34, POST, 29, 200, 
2023-02-04 16:32:34, POST, 59, 200, 
2023-02-04 16:32:34, POST, 28, 200, 
2023-02-04 16:32:34, POST, 28, 200, 
2023-02-04 16:32:34, POST, 28, 200, 
2023-02-04 16:32:34, POST, 28, 200, 
2023-02-04 16:32:34, POST, 28, 200, 
2023-02-04 16:32:34, POST, 29, 200, 
2023-02-04 16:32:34, POST, 29, 200, 
2023-02-04 16:32:34, POST, 30, 200, 
2023-02-04 16:32:34, POST, 30, 200, 
2023-02-04 16:32:34, POST, 30, 200, 
2023-02-04 16:32:34, POST, 30, 200, 
2023-02-04 16:32:34, POST, 30, 200, 
2023-02-04 16:32:34, POST, 29, 200, 
2023-02-04 16:32:34, POST, 31, 200, 
2023-02-04 16:32:34, POST, 30, 200, 
2023-02-04 16:32:34, POST, 30, 200, 
2023-02-04 16:32:34, POST, 30, 200, 
2023-02-04 16:32:34, POST, 31, 200, 
2023-02-04 16:32:34, POST, 31, 200, 
2023-02-04 16:32:34, POST, 30, 200, 
2023-02-04 16:32:34, POST, 31, 200, 
2023-02-04 16:32:34, POST, 60, 200, 
2023-02-04 16:32:34, POST, 30, 200, 
2023-02-04 16:32:34, POST, 30, 200, 
2023-02-04 16:32:34, POST, 30, 200, 
2023-02-04 16:32:34, POST, 30, 200, 
2023-02-04 16:32:34, POST, 102, 200, 
2023-02-04 16:32:34, POST, 102, 200, 
2023-02-04 16:32:34, POST, 102, 200, 
2023-02-04 16:32:34, POST, 102, 200, 
2023-02-04 16:32:34, POST, 102, 200, 
2023-02-04 16:32:34, POST, 102, 200, 
2023-02-04 16:32:34, POST, 102, 200, 
2023-02-04 16:32:34, POST, 102, 200, 
2023-02-04 16:32:34, POST, 102, 200, 
2023-02-04 16:32:34, POST, 232, 200, 
2023-02-04 16:32:34, POST, 131, 200, 
2023-02-04 16:32:34, POST, 136, 200, 
2023-02-04 16:32:34, POST, 136, 200, 
2023-02-04 16:32:34, POST, 136, 200, 
2023-02-04 16:32:34, POST, 136, 200, 
2023-02-04 16:32:34, POST, 136, 200, 
2023-02-04 16:32:34, POST, 136, 200, 
2023-02-04 16:32:34, POST, 136, 200, 
2023-02-04 16:32:34, POST, 188, 200, 
2023-02-04 16:32:34, POST, 57, 200, 
2023-02-04 16:32:34, POST, 52, 200, 
2023-02-04 16:32:34, POST, 52, 200, 
2023-02-04 16:32:34, POST, 57, 200, 
2023-02-04 16:32:34, POST, 52, 200, 
2023-02-04 16:32:34, POST, 52, 200, 
2023-02-04 16:32:34, POST, 52, 200, 
2023-02-04 16:32:34, POST, 52, 200, 
2023-02-04 16:32:34, POST, 52, 200, 
2023-02-04 16:32:34, POST, 29, 200, 
2023-02-04 16:32:34, POST, 29, 200, 
2023-02-04 16:32:34, POST, 30, 200, 
2023-02-04 16:32:34, POST, 30, 200, 
2023-02-04 16:32:34, POST, 30, 200, 
2023-02-04 16:32:34, POST, 30, 200, 
2023-02-04 16:32:34, POST, 30, 200, 
2023-02-04 16:32:34, POST, 30, 200, 
2023-02-04 16:32:34, POST, 30, 200, 
2023-02-04 16:32:34, POST, 79, 200, 
2023-02-04 16:32:35, POST, 50, 200, 
